{
    "accuracy": 0.7835820895522388,
    "precision": 0.7272727272727273,
    "recall": 0.6990291262135923
}