{
    "accuracy": 0.8044692737430168,
    "precision": 0.7931034482758621,
    "recall": 0.6666666666666666
}